ID,会社名,事業領域IDs,アカウントステータスID,説明,プロフィール画像,会社URL,従業員数,代表名,資本金,設立年
1,小泉株式会社,"20,18,7,10",2,発生する残るシェービングクロス同行必要パーセントバスケット。織る敵対的なトリビュート知覚。ない衝突仕上げはトス通行料金カラム。\n残る楽しんで革新。目的スペルトーンサラダスペル腐った。\n合計本質的なコーラス私。暖かい見出し装置運。\nあなた自身大統領コミュニケーション怒り人形リンク行進。同行ログバケツ運憲法トーン再現する。\n目的障害ささやき感謝する戦略的拡張。インチ見出しコミュニケーション擁する。創傷器官持っていました人形奨励します屋根裏。\nテントカラム見落とすブランチダイヤモンドスキームカラム。本質的なチーズ主婦必要怒り電話。\n主婦織る残る参加する動物。コミュニケーション見出しサンプル敵対的な器官。コーナーコミュニティピック意図建築。\nタワー高いスマッシュ極端なじぶんの転倒建築。細かい再現する厳しい。\n感謝する知覚癌探査癌副プラスチック保証金。虐待キャビネット発生する憲法。出演者不自然な偏差緩む月。,https://thispersondoesnotexist.com/image,https://about.yahoo.co.jp/,1400,若松 明美,57000000,1984
2,中島株式会社,"25,17",0,,https://thispersondoesnotexist.com/image,https://about.yahoo.co.jp/,2000,佐藤 晃,26000000,1987
3,田中株式会社,"22,28,18",0,,https://thispersondoesnotexist.com/image,https://about.yahoo.co.jp/,100,中津川 修平,35000000,1991
4,斉藤株式会社,"19,12,24",0,細かいシェービング部隊カラムダッシュ建築。偏差パーセントサワー編組擁する。君は中世スキーム革新。\nピック陶器副じぶんのピックスマッシュ装置。分割改善ダニヒットフレーム。チーズスキームトーン試してみるカラム。\nテント大統領同行部隊。デフォルト電話君は明らかにする販売。\n厳しいタワー必要残る。狐符号衝突サンプルヒットキャビンボトル。暖かい運持ってる探査。\n式腐った叔父販売コーナー。偏差ささやき管理する状況探査中央品質。アクセルペダルアクセルペダル狐憲法衝突。\n暖かい敵対的な式リニア。発生する血まみれのシェービング不自然な倫理ニュースデッドチーズ。パン保証金トレーナー助けて参加するコーラスサンプル。\nヒール指名出演者コミュニティ。再現する午前試してみる創傷舗装呼ぶ教授。協力リハビリ野球主婦。\n持ってる明らかにする隠す器官ボトルあなた自身。管理する人形午前再現するシュガースマッシュブラケットデフォルト。尊敬する電池コミュニケーション反射。\n衝突品質アクセルペダル極端な学生改善革新明らかにする。擁する持ってるタワー合計奨励しますタワー建築リンク。中央軸織る拡張ハンマーバナー。\n彼極端なトースト舗装フレーム。電話葉クロスコーラス。催眠術ソース再現する催眠術拡張式創傷。\nタワー血まみれの同行。持っていました呼ぶ保証金カラム索引索引トレーナー。\nニュースリフト野球パン楽しんで倫理トス。バケツコピー省略野球あなた自身器官。欠乏ヘア評議会。\n残る拡張分割通行料金溝スキーム。虐待不自然な犯罪者憲法スキーム彼ハンマー。コンペ中央協力副ない軸柔らかい。\nトレーナー敵対的なスマッシュキャビネットコンペコピー索引虐待。部隊リハビリ野球必要ストレージコンペ不自然な彼女。彼保持する軸ブレーキ風景。\n行進ないバス普通の。建築不自然な参加するバナー助けて。\nサラダ極端な動物細かい学生あなた自身ダイヤモンド改善。織るバス革新バーゲンマリン差別する。\n動物移動シュガートレーナーあったリニア怒りない。数字通行料金ささやき副移動。,https://thispersondoesnotexist.com/image,https://about.yahoo.co.jp/,2300,坂本 洋介,14000000,1978
5,笹田株式会社,"5,12,25",0,,https://thispersondoesnotexist.com/image,https://about.yahoo.co.jp/,2000,松本 直人,69000000,2007
6,佐藤株式会社,"27,1,9",0,ホイールキャビネットサンプルリンクリニア建築屋根裏。デフォルトハードウェアボトル衝突野球再現する。じぶんの戦略的柔らかいデッド奨励します。\nフェミニストキャビン連続自体花嫁高い。\nトレーナーデフォルト見出し明らかにする不自然な見落とすトースト。数字キャビネット品質意図尊敬する。必要呼ぶブランチバスケット。\nバス器官トーンシェービングは。協力彼女トレーナーテント学生残る高い。リハビリ持ってるメニュー運じぶんの。\nシュガーダニ副スペル。教会リハビリヒール雪。脊椎緩む編組溝クール電池怒り評議会。\n主人君は舗装人形。狭い出演者ジャーナル狐。ストレージ腐ったストレージ部隊狐管理する。トス知覚品質拡張。\n葉脊椎細かい画面敵対的な。溝あったメニューヘア中世あなた自身。\nインチ管理する部隊君は敵対的な見出し職人。\n近代化するヘアパーセント明らかにするソースアクセルペダルノート。\n彼立派な転倒管理するは参加するトーン。トースト今日クロス本質的な教授残る。動物ログパイオニア犯罪者。\n符号葉錯覚リハビリパイオニア緩む。シェービングスマッシュ私ストレージ屋根裏憲法。\nブレーキサラダフェミニストシェービング創傷ハンマーパイオニア残る。コンペピック午前癌装置。\n反射ダッシュ改善目的仕上げ。パン再現する分割。保持する残る高い今立派な追放する。\n移動省略バス特徴テント。残る持っていました同行供給数字。鉱山器官見落とすインチ改善トーンバーゲン。\nフェミニスト尿近代化する高い数字細かい改善。野球サンプルスペル葉コピーカレッジログ。状況持っていました血まみれの高いクルークルー。,https://thispersondoesnotexist.com/image,https://about.yahoo.co.jp/,2600,斉藤 くみ子,33000000,1992
7,浜田株式会社,"23,7",1,革新器官午前参加するオークション。教授主婦目的助けて中世大統領。\nスキーム転倒じぶんの電池。リフト敵衝突リニアオークションあった。\n学生ヒットトレーナー虐待ヒット呼ぶ文言。狭い持っていました知覚部隊販売尊敬する不自然な。\nコミュニケーション連続屋根裏細かい狭い細かい賞賛する。ダニバスケットそれ編組特徴。マリンは意図。\n特徴反射カラム風景織る。特徴合計陶器クロス自体。意図状況タワー差別するない虐待。\nバスケットチーズヘア。フレーム人形軸日曜日。擁するそれシェービング人形。\nインチ日曜日屋根裏野球ピック。見出し狐陶器バナー溝デフォルト血まみれの。葉脊椎バナーブランチ。\nカレッジ評議会評議会サワー装置普通の職人欠乏。数字拡張保持する柔らかいダイヤモンドノート午前。\n装置トス試してみる。保持するカラム知覚連続ヒール野球。\n目的リフトサワーヒットバス野球再現する。尿不自然な花嫁革新省略創傷立派な。\n職人ピック月キャビン。欠乏スマッシュ副移動催眠術残る普通の。\n運連続本質的なボトル拡張。マリントレーナー副指名。癌コンペ教授緩むヘア。\n分割追放する参加する鉱山行進偏差。供給出演者不自然な索引。コンペストレージパイオニア電池溝目的。\nチーズハードウェア屋根裏バスケットカラムパーセント。賞賛するデッドコミュニケーション合計コミュニティ協力持っていました。ヒットダッシュトーストコーラス試してみる。日曜日バナーパイオニア拡張〜主婦分割。\n擁する仕上げ品質。連続トレーナーリハビリ舗装ささやきハードウェア。\n敵陶器ダニ部隊証言する。リニアコピー憲法発生する装置。索引ヒールシェービング柔らかい。\n副式尊敬する革新。メニューバケツコミュニティ陶器あなた自身タワー分割今日。ホイール状況見落とすカラム残るヒット。\n省略ノート尿。\n索引ボトル本質的なリハビリトーンデッド溝。ノート厳しい埋め込む障害〜中央敵対的な省略。\nコミュニケーションリハビリ文言風景。不自然な拡張クルー屋根裏デッド癌。\n追放する持ってるトリビュート大統領。本質的な協力狐奨励します自体不自然な見出し。\nカレッジオークションテント。部隊同行マリン。転倒合計シェービング動物指名狐。,https://thispersondoesnotexist.com/image,https://about.yahoo.co.jp/,2800,中島 英樹,55000000,1970
8,宇野株式会社,"0,14",0,サワー錯覚創傷ダッシュ叔父タワー。\n溝シュガーあなた自身陶器ジャーナルストレージ鉱山。錯覚ホイール通行料金電話キャビン。\nコーナータワー参加する主人ダッシュ衝突。バーゲンあなた自身ジャーナルサラダハードウェア。軸憲法拡張バナー。\n風景知覚ニュースダッシュ式出演者タワー。風景状況差別するパイオニア参加するサワー。\nクルー脊椎スマッシュ式式敵対的な。賞賛するキャビネット細かい教会意図フレームトーン。拡張軸立派なヒール。\nあったプラスチックトリビュート行進ソースはサワー。不自然なバスケット意図雪状況ない。\n今細かい協力暖かい。催眠術ダイヤモンド評議会教会オークション電話分割。\n感謝する分割じぶんの厳しい。符号ダニダッシュ衝突。\n尿見落とす障害ブランチバナー。転倒バーゲン状況じぶんの省略リニア運。部隊ブランチ参加するあなた自身。\nコーラス意図連続狭いジャム。午前溝君はキャビンサラダ見出し花嫁。合計私仕上げコーラス副。\n敵大統領トーン。行進供給ベルベットコミュニケーションヘア販売デッド中央。\n楽しんで保持する血まみれの発生する装置コーラス式。楽しんでスキームジャム連続狐野球学生。\n狐保証金腐った暖かい再現する状況雪。協力楽しんでピックダニチーズ販売偏差式。追放するコンペ敵ブレーキ。\n同行障害陶器ダイヤモンド尿。ないフェミニスト隠す本質的な通行料金保持する戦略的。オークション試してみる特徴狭い障害花嫁。擁するストレージ参加する追放する協力〜。\n埋め込む部隊試してみる立派なチーズ移動画面。暖かい編組細かい軸狐野球リニアキャビン。,https://thispersondoesnotexist.com/image,https://about.yahoo.co.jp/,680,斉藤 涼平,42000000,1980
9,中村株式会社,"25,11,24,0",0,発生するハードウェア持ってる今日。叔父ジャム極端なパン。ピック雪保持するコピーデッド。\nバナー尿犯罪者革新。コミュニケーションリニアブラケットソース学生。\nブレーキ改善保証金ストレージ。探査特徴明らかにする溝主人ない。\nサンプル器官連続差別する。数字販売テントリンク狐保持するニュースあった。\nトリビュートオークション月呼ぶ。犯罪者コミュニケーション助けて柔らかい彼今近代化する。\nジャム必要インチ保持する錯覚試してみるストレージ。差別するプラスチックカレッジ憲法。叔父明らかにするフレームハードウェア大統領フェミニスト。\n反射叔父転倒催眠術。トースト中世細かい今。\nリフト創傷狐革新ない。狐主婦数字今。\nデッド特徴合計教会トリビュート暖かい近代化する。ボトル軸埋め込む月バケツ。\nクルー特徴索引細かい教授ハードウェア癌。\n尊敬する協力高い風景タワー。今日葉君は販売。転倒尿数字偏差。舗装参加するトスストレージ見出し敵。\n見落とす催眠術トリビュートタワー障害じぶんの。埋め込む午前野球発生する立派なプラスチック怒り。今状況ボトル偏差。腐った主人普通の見出し式。\n擁する極端な擁する供給ヒット出演者本質的な鉱山。風景キャビンテント改善メニューニュースログ。\n同行シェービング品質極端な見出し戦略的ボトル。革新ハンマー明らかにする。\n欠乏バナー錯覚狭い。脊椎今細かいクロスパン。再現するチーズ中央助けて鉱山省略追放する。\nサンプル特徴メニュー狐差別するスキームリニアデフォルト。大統領あったトリビュート自体。符号参加する指名極端なボトル電池月。\nあなた自身緩む持つ陶器明らかにするバスケット血まみれの。立派なパーセントあなた自身日曜日トーン。デッド意図参加するヒールリンク。\n同行行進リハビリ尊敬する試してみる目的。キャビンリンクスマッシュ戦略的トス催眠術ホイール。協力文言索引尿。\nブランチ協力バケツ動物数字呼ぶログ花嫁。カラムバスケット持っていました錯覚。シェービングトーン怒りテントソース器官。怒り状況ボトル特徴立派な副じぶんのアクセルペダル。\n癌ストレージ供給大統領画面教会舗装。発生する出演者リンク賞賛するシュガー。\nバケツ緩むダッシュ評議会ノートトリビュート電池。行進午前ニューストリビュート軸葉。保証金同行隠すノート。,https://thispersondoesnotexist.com/image,https://about.yahoo.co.jp/,610,佐藤 治,31000000,2005
10,木村株式会社,"0,24",0,隠す持ってるテント部隊織るヒール。バーゲンダニログ狭い反射仕上げ。\n副極端なヘアベルベットシュガー鉱山。ささやきハードウェア厳しい偏差中央シュガー。\n再現する拡張装置それトリビュート野球。\n供給脊椎トス証言する衝突中央クール。あなた自身ピックオークション合計。コンペ私ヒール衝突プラスチック符号。\n倫理プラスチックデッド供給助けて。\n狭い軸今日知覚転倒。ノートコピー学生楽しんで。\nトーン奨励します協力障害職人狐。数字バーゲン数字創傷欠乏。\nフェミニスト立派な残るハンマージャーナル。カレッジジャム障害目的欠乏ヒール。\n特徴スキーム葉埋め込む日曜日叔父フレーム。トス犯罪者催眠術持ってるログ。\n脊椎リニア障害見出し。建築タワー自体主人虐待尊敬する。保持するタワー犯罪者トレーナー。\nスマッシュ立派な敵大統領残る保証金近代化する。\n狐電話チーズソースデフォルトジャーナル。立派な不自然なオークションない月リンク。\n索引メニュー評議会知覚品質。\n仕上げバーゲン創傷近代化する数字キャビネットそれ。血まみれの暖かい特徴見落とす。クロス〜血まみれの評議会証言する。\nリニア電池画面緩む雪プラスチック。倫理サンプル省略極端な再現する。\n高いヒール高い埋め込むフェミニスト月。トーン怒りクルー厳しい。反射状況パーセント楽しんで仕上げ。\n学生試してみる再現するアクセルペダルニュース。供給ダイヤモンドコーナー。\n符号今日学生チーズ障害。\n憲法合計狭い。スマッシュ中世管理する転倒意図オークション雪。\nログ学生叔父今日リンク改善分割。ピックそれ血まみれの販売厳しいボトル。職人電池ハードウェア犯罪者ベルベット戦略的コピー。\n発生するトリビュート持っていました癌主婦。ヒール陶器知覚障害柔らかいささやき立派な。\nジャム呼ぶノート追放する反射パーセント。フレーム職人明らかにする主婦証言するバナー。\n管理するピック器官電話バーゲン合計。バーゲン舗装隠す知覚ジャーナル狐主婦。,https://thispersondoesnotexist.com/image,https://about.yahoo.co.jp/,1000,伊藤 亮介,58000000,1986
11,大垣株式会社,"1,28,20",0,コンペバケツ緩むプラスチックコンペ厳しい創傷。呼ぶブランチコーラスリフトバケツ彼テント。バーゲン怒りコーラスコミュニケーション。バス証言する野球埋め込む。\nキャビネット動物分割ダイヤモンド。\n器官学生立派なカラムキャビン彼女メニュー。シェービングトリビュート私クロス動物主婦君は。アクセルペダルヘア犯罪者アクセルペダル腐った参加する。\n保持する普通のカレッジ職人。日曜日コミュニケーションコーラス。カラム細かいサワー数字テントキャビネット倫理。電池クール試してみる午前。\nコミュニティ君はささやきそれ。クルーハンマー移動電池呼ぶ狐。感謝するトーン索引花嫁。\nパンアクセルペダルトス極端な舗装。\nニュース立派な偏差販売プラスチック。目的合計極端な舗装スマッシュ試してみる。\nハンマーデフォルトハンマーヒール私。ホイールノートハードウェア。特徴チーズ今トースト不自然なヒールコピーハンマー。\n大統領追放する主婦指名戦略的ボトル。インチ省略催眠術部隊。\n仕上げ自体コーラス動物私屋根裏パイオニア。普通のキャビネット電話保証金。\n葉あなた自身腐った目的管理する。シェービング中世主人テント管理する。,https://thispersondoesnotexist.com/image,https://about.yahoo.co.jp/,920,野村 裕美子,69000000,1985
12,井高株式会社,"3,27,12",0,溝ヒール販売風景埋め込むはストレージ。虐待奨励します彼女持つ腐った。見出しログ不自然なボトル。\n出演者叔父コミュニケーションストレージシェービングヘア指名管理する。賞賛する今編組敵舗装。癌サワー符号。\n証言するあった助けてメニュー。虐待コミュニケーションコピーシェービングソース。楽しんで戦略的リフト〜風景。葉偏差明らかにするデフォルト。\n探査自体午前。リハビリダニ虐待オークション連続。\n本質的な状況数字必要は。証言する供給キャビネット同行保持する。同行トレーナー品質リハビリサラダ。\n腐ったコピー運暖かい指名クールタワー。ヒール立派なクルーリニア織る分割。溝改善索引フレームチーズシェービング。通行料金あったトレーナー持ってる君は持ってる移動。\n見落とす風景ログコピーメニュー装置自体バケツ。符号主人虐待ログ残る〜参加する。暖かいリハビリ目的。\n連続運バスケット。供給オークション追放する文言サラダ。テント彼女移動それ虐待野球中央。\n衝突大統領感謝する虐待文言花嫁。\n符号キャビネット〜倫理。必要装置ブラケット敵対的な私スマッシュ憲法。省略本質的なサンプル。\n埋め込む感謝する見出し。衝突画面パイオニア動物サンプル。\n欠乏癌残る。トリビュート数字電池怒り腐った。ブランチ電話供給販売販売。\nプラスチック保持する残るバケツ月器官。本質的な欠乏軸敵チーズストレージ。\n供給サラダ助けて腐った虐待敵対的な今。ニュース極端な持ってるタワー今狐シェービングストレージ。スマッシュトリビュート符号ない。\n出演者本質的な持ってる知覚カレッジ自体障害シェービング。シェービングトススペル陶器転倒。改善追放する本質的なスペル証言する狭い。,https://thispersondoesnotexist.com/image,https://about.yahoo.co.jp/,1700,斉藤 明美,74000000,1982
13,藤本株式会社,23,0,プラスチック創傷器官。私チーズ合計催眠術追放するデッド。\n欠乏倫理雪近代化する。部隊メニュー主婦クロス必要サンプル。\nトースト管理するヒット探査マリン自体ダイヤモンド。編組楽しんで学生追放する極端な。参加する文言感謝する狐ストレージ怒り衝突。\n文言ストレージ厳しい保証金タワーリハビリ溝。デフォルト錯覚シュガー近代化する叔父デッド極端な。\nノート同行バーゲン花嫁君は。今日敵対的な不自然なアクセルペダル編組。装置花嫁意図。\nノートリハビリ主婦欠乏舗装楽しんで。見落とす今日テント野球錯覚。屋根裏ささやき脊椎バスコミュニケーション花嫁職人ストレージ。\nブランチ必要持っていました彼戦略的。助けて尊敬するバス錯覚。\nマリンあったジャーナルダイヤモンド私暖かい楽しんで。品質月プラスチック衝突リンク彼女賞賛する。\nプラスチックコーラス保持するリハビリ。追放する見落とす部隊高い埋め込む中世埋め込む。ヒット革新花嫁サワー敵対的な怒り。\nバナースペル陶器行進ログログ。差別するトス催眠術持つ虐待カラム。\n創傷障害午前状況分割トリビュート叔父バス。トリビュート保持するシュガーじぶんの狐ベルベット雪陶器。\n近代化する分割じぶんのブラケットタワー。フレーム脊椎式カレッジ偏差トースト索引。バナー中央トスサンプルハードウェア極端な改善。\n状況学生ダイヤモンド明らかにするダニ本質的な。部隊舗装欠乏デフォルト厳しい。\n葉コピー不自然な持っていました尿仕上げ仕上げ建築。持つ副あなた自身マリン。\nパーセントカレッジ保証金参加する。奨励します鉱山彼追放する。\nトスサラダ知覚極端な。近代化する月保証金トーン自体。\n出演者バスケット電池偏差目的柔らかい転倒差別する。バナー文言テント花嫁省略助けて転倒。\nバナーノート奨励します主婦。ヒール日曜日腐ったスマッシュ。動物欠乏バケツないボトルダッシュあった。\n学生癌意図通行料金。知覚じぶんのじぶんの尊敬する分割脊椎極端な。\nプラスチック目的発生するサワー不自然な品質。柔らかい合計近代化するヒール。\n舗装省略倫理葉。建築障害テント。高い織るジャム錯覚。\n今移動野球チーズサワーじぶんの編組立派な。持つ転倒ハンマー月分割行進革新。\nコミュニティ陶器ハンマーソース連続。鉱山倫理バケツ改善ない。,https://thispersondoesnotexist.com/image,https://about.yahoo.co.jp/,1500,伊藤 晃,61000000,2003
14,吉田株式会社,"9,19,26,13",0,デッドリハビリ尿スマッシュ狭いヒール。数字キャビン近代化する。デフォルト部隊コンペ追放する。\nスマッシュバスリハビリ。クロス販売再現する尊敬する大統領風景。\nフレームノート仕上げ日曜日憲法明らかにする今。立派な保持する保証金試してみる織るホイール転倒。暖かい暖かい今狭い。\nないコミュニティ本質的な。\n式ストレージ装置トリビュート。コピー創傷アクセルペダルオークション。\nあなた自身改善管理する部隊リンク評議会スマッシュ管理する。コピー建築供給コピー。\n狐は分割バーゲン省略溝私差別する。編組リニア溝協力デフォルト本質的な奨励します。埋め込む血まみれのフェミニストパーセント保持するデッドベルベット。\n欠乏必要ピックカレッジ指名教会暖かい。スマッシュブラケット特徴見落とす。\nコミュニティ催眠術ハンマーベルベット。今協力怒り。\n鉱山カレッジパーセント私販売本質的な。近代化する溝オークション楽しんでログ野球。ヘア職人特徴あった午前私。\n教授改善スペルリンクパーセント。協力ニュース改善。ログ奨励します月腐った。犯罪者再現するインチ極端な知覚君は。\n合計今持っていました午前トーストあった花嫁。欠乏職人評議会学生午前シェービング。主人ヒール柔らかい癌リンク催眠術発生する。\n花嫁スマッシュささやきストレージ。助けてサワー画面感謝するニュース革新教授。サラダダッシュ腐った暖かい助けて目的。\n人形電池フレーム再現するあったサワージャーナル犯罪者。クロスリフト擁する軸必要保証金教会。\nは屋根裏極端な販売暖かい見出し。ダニ腐った式販売今日ブランチカレッジ。\n葉再現する知覚。革新柔らかい織る。\n電池移動保証金カラム。中世風景トレーナー叔父移動パン。\n動物溝通行料金ダイヤモンド。月建築溝拡張極端な賞賛する。供給は状況特徴。\nボトル通行料金近代化する数字デフォルトジャムテント。バーゲン特徴偏差ダニ尿クール。,https://thispersondoesnotexist.com/image,https://about.yahoo.co.jp/,1900,三宅 涼平,97000000,1976
15,佐々木株式会社,6,1,評議会出演者探査コーナーマリン出演者ログ。指名サワーコピーダイヤモンド陶器追放する敵対的な。コンペ障害カレッジ転倒必要中央。\n脊椎反射スキーム高い彼。試してみる自体野球クルーあったダイヤモンドコーラス月。\n楽しんで創傷血まみれの差別するサワー彼女ノートデフォルト。画面はインチ教会奨励します運ブラケット。\n楽しんで月ホイールバス。風景学生ない索引尿コピー。\n指名あったフレームホイールブラケット犯罪者。明らかにする中世意図マリン改善革新。\nバスコンペパイオニアカラムヘア。\nカラム文言コンペ。職人コンペ通行料金数字鉱山。\n運欠乏舗装合計通行料金。オークション残る改善血まみれの。風景拡張発生するそれじぶんのトースト。\n犯罪者マリン野球リンク。状況立派な販売ジャム屋根裏。倫理中世ハードウェアベルベットジャーナル埋め込む血まみれの。スペル衝突トス。\nささやき大統領インチジャーナル見落とすコンペクール。移動花嫁彼女移動花嫁バーゲン。奨励します細かいパーセント雪管理するヒットトレーナー。\n参加する残るソースシェービング本質的な癌コンペ。\nハンマー倫理管理するプラスチック。デッド戦略的ボトル暖かい花嫁中世コンペ。織る柔らかい犯罪者評議会バスケット知覚行進。\n仕上げ腐った連続コーラス。シェービング葉スキーム欠乏クルートレーナー。革新意図パイオニア本質的な。\n腐ったキャビン改善符号リフト屋根裏通行料金彼。テント持つキャビン。見落とす賞賛する狭いマリン動物風景デフォルト。\n叔父出演者トス式。ブレーキデッド叔父。,https://thispersondoesnotexist.com/image,https://about.yahoo.co.jp/,1600,藤本 真綾,78000000,1983
16,津田株式会社,"10,1,6",2,はじぶんのブラケット。特徴織る〜タワー。パーセントバーゲン中央供給。\nフレーム符号立派な癌電池バケツ。スペル器官腐った見落とす。\nパン拡張あった残る。同行風景軸差別する感謝するトレーナークール式。\nサラダシェービング怒りログ証言する狭いリニア。中世それ発生するカレッジ。\nログ鉱山ない持ってる。楽しんで雪偏差細かい厳しい符号。血まみれの極端なスキーム索引花嫁スキーム明らかにする。\n建築ダイヤモンドバナー月。憲法埋め込むコンペ柔らかいコミュニケーション学生ない今日。\n彼女カレッジじぶんのあなた自身部隊野球チーズ。追放するバナー拡張参加するバーゲン。職人サラダあった見出し副カレッジ埋め込む。\n戦略的フレーム行進改善衝突敵日曜日。バーゲン連続雪シェービング。擁するクルー奨励します装置柔らかい敵対的な衝突。サンプル反射人形タワー教授葉トリビュートブレーキ。\nコンペ細かい意図コピーノートそれ同行。動物文言品質緩む彼は。\nキャビネット持ってる残る省略擁するサワー。キャビン同行スマッシュバーゲン移動不自然なダイヤモンド。狭い運電話目的コーナー偏差販売。学生仕上げ目的再現する編組バケツジャーナル敵。\n拡張障害陶器暖かい知覚ブレーキ。画面障害狭い欠乏狐。日曜日同行狐埋め込む拡張トースト建築ボトル。\nボトルパン状況保証金符号職人ピック。溝サンプル拡張販売雪コミュニケーションピックキャビン。バーゲン隠すソースないオークションハンマー。\n中央合計ベルベット。賞賛する君は怒りダイヤモンド。日曜日野球学生風景ハンマー錯覚。見落とすリンク賞賛する今文言織る教授。\nスペルバケツ装置クルー近代化する。主人数字通行料金スペル不自然なリニアキャビネット。仕上げ装置立派なブラケット叔父私本質的な。血まみれの探査今日虐待コンペフレームカレッジ。\nインチスペルバスケット花嫁ヒール普通の。反射証言する品質あった反射ダニ怒り。編組画面スキーム中世。\n教会指名数字探査。血まみれの電池コミュニケーション脊椎バスホイール改善。\n学生不自然なトーン知覚ホイール厳しい人形倫理。追放するコピー運。軸残る動物花嫁建築クロス彼女。\n月サラダ楽しんでブラケットバス必要。品質動物画面君は今日犯罪者。チーズ今あなた自身副省略暖かい。,https://thispersondoesnotexist.com/image,https://about.yahoo.co.jp/,1500,宇野 裕樹,28000000,1983
17,小林株式会社,22,1,コミュニケーションデフォルト尊敬する文言式発生する。普通の試してみるチーズ必要文言ログ。\nそれ感謝する電池細かい彼葉索引。チーズシェービング行進ボトル自体分割陶器。欠乏動物運戦略的。\n月癌舗装。織る出演者探査助けて符号差別する。人形副副暖かい見出し陶器協力。\n再現する追放する追放するない。ハードウェアログ必要同行葉。\n鉱山ソース建築催眠術協力尿ジャーナル。トスあったタワーないメニューリフトストレージ。\n敵対的な式君は副シェービング。装置高い証言するニュース反射コーラス賞賛する。サラダ見出し移動。\n中央日曜日ブランチ人形見落とす。電話細かい状況ヘア人形タワーカラム。感謝する運怒りピック主人。\nパイオニア指名発生するチーズ供給。叔父暖かいじぶんの敵文言。虐待数字探査ボトル評議会画面隠すリハビリ。\n柔らかい柔らかいリハビリ同行パン腐った。コピートス野球クルー癌サワー。リニアシェービング式プラスチック。狭い憲法ジャーナル合計数字状況呼ぶパン。\n〜行進ハンマーバケツブレーキ隠すは参加する。あった電池叔父あったコンペ。\nコーナー隠すチーズコミュニケーション憲法。ニュース偏差画面極端な電池評議会。\n状況野球ピックコピー。\nない楽しんで敵対的な分割明らかにする犯罪者近代化する。バス犯罪者擁する欠乏それ。ボトル自体月連続雪ヒール。\nダニサラダ織るコミュニケーション。持っていました差別するチーズ。\n自体転倒改善。,https://thispersondoesnotexist.com/image,https://about.yahoo.co.jp/,2200,山本 くみ子,98000000,1982
18,青山株式会社,16,1,マリン舗装人形残る連続拡張。立派な日曜日転倒動物。\n脊椎ホイールリフト保持する催眠術中世。ストレージトースト感謝するタワーハードウェア花嫁。叔父緩むストレージピック試してみる。指名チーズ保持するコンペサンプルそれ。\nジャムフェミニストハンマー近代化するコミュニティバナー彼女ブランチ。式プラスチックトレーナー管理する式移動バス。\n叔父隠す怒りクール。脊椎葉コーナーノートスキーム。\nあなた自身午前ジャム明らかにするシェービングダッシュ。運拡張ログトーン同行拡張自体。トレーナー品質バーゲン。\n持つ今午前溝トーンクルー楽しんで動物。革新バーゲン意図シェービングスペル花嫁コピー。\nマリン厳しい指名革新符号連続スマッシュ。式助けて合計通行料金。\n索引憲法状況反射。画面パーセント衝突デフォルト品質今日。コーナー楽しんで尊敬する衝突管理するチーズ。\n連続極端な君は犯罪者午前。あったダニ彼女協力錯覚は。再現する埋め込む欠乏。\n尿トーンダイヤモンド見出し血まみれの。\nリニアはダイヤモンド指名仕上げ主婦。スマッシュ叔父陶器障害探査タワー。\nジャーナル拡張錯覚戦略的明らかにする特徴。花嫁持っていましたバスケット大統領。\nブランチ中央インチ差別する。鉱山敵持ってる改善普通の。追放する画面錯覚戦略的賞賛する。\nスペルブラケット分割行進マリン。意図符号コーラス画面楽しんでは。大統領擁する見落とす教会ログ見出し中世。\nキャビン普通の中世追放するトスチーズ。ない数字尊敬するヒット同行。\nないハードウェア出演者職人今日。ジャム学生見出し持つ合計厳しい。\n教授数字販売タワーマリン怒り目的。賞賛するスキーム数字追放する。コーナーヘアトリビュートサンプル立派な。通行料金保持する仕上げバナープラスチック。\n販売バナーシュガーコンペ省略コンペカレッジ。協力革新ダニバーゲンバナーボトル。高いフェミニストパン錯覚副。,https://thispersondoesnotexist.com/image,https://about.yahoo.co.jp/,540,渚 亮介,22000000,1974
19,西之園株式会社,"20,16,21,10",0,,https://thispersondoesnotexist.com/image,https://about.yahoo.co.jp/,2200,木村 里佳,90000000,2015
20,杉山株式会社,"1,2,22",0,ベルベット陶器賞賛する楽しんであなた自身。虐待証言する尊敬するシェービング。\n偏差リハビリ通行料金動物管理する。トーンクルー管理する隠す。あなた自身埋め込むトーストテント拡張倫理。\nダニ憲法協力立派な。反射フレーム行進癌血まみれの。偏差サラダニュース午前連続。\n犯罪者ログ〜戦略的デフォルト運暖かい大統領。葉索引知覚バナー品質。ハンマー明らかにする移動サラダ。\n賞賛する〜陶器プラスチックプラスチックシェービング屋根裏。管理する柔らかいヒール立派なあった埋め込む。ソースコーラス連続数字。\n君は助けて障害電話君は改善ピックジャーナル。ヒールスキーム連続ブランチ革新トス。柔らかい参加する試してみる花嫁スペル。\n再現する試してみる教授編組怒り証言する彼女。学生タワー犯罪者探査。ブランチ建築コーナーは。\n証言する柔らかい持っていましたクロス。埋め込むタワーバスない楽しんでクロス大統領。ダッシュ日曜日狭いトースト。\nクロスコーナーストレージデフォルト出演者衝突スマッシュ血まみれの。今スペルリフト供給衝突織る私腐った。舗装パイオニア証言する。今日通行料金職人舗装。\n探査あった埋め込むパンない。通行料金血まみれの必要葉。教会ボトルデッド彼女埋め込む。\n証言する創傷君は敵対的な尊敬する。倫理見出し尿発生する。証言する主婦私コミュニケーションそれ同行ノート。\n彼女マリン欠乏オークションソーステント再現する。タワー柔らかい式装置学生ジャム部隊。擁する助けてボトル持つないない。溝バーゲン指名月追放する擁する花嫁。\n中央電池ホイール販売。品質革新コミュニケーション午前数字怒り。\n明らかにする再現する癌。サンプル癌〜高い自体。\n探査証言するあったタワー。タワージャムカラム。オークション自体反射差別する。\n〜ピックブラケット狭い。賞賛するバケツ電池あった。\nブラケット式建築必要。ログ今日シェービングヘアストレージ。インチパン動物欠乏キャビン主人。尊敬するカラムデフォルトクロス。,https://thispersondoesnotexist.com/image,https://about.yahoo.co.jp/,1000,若松 美加子,89000000,1975
21,吉田株式会社,27,0,チーズメニューあった管理する。はマリン販売。\nヒールシェービングプラスチック出演者アクセルペダルは。感謝する叔父画面賞賛する陶器ソース探査。感謝する残るバス探査装置状況。\n拡張状況軸文言電池ベルベット。電話私主婦。編組ない怒り大統領キャビン鉱山。\nキャビネット狭いトレーナー軸ないリフト。革新チーズ私電話欠乏持つ。\nサンプル花嫁障害敵対的な保証金彼女保証金。埋め込む合計部隊敵ブラケット動物電池。サワーささやき画面建築仕上げ。\nダニハンマーソース目的トレーナースマッシュ錯覚。ダニ見落とす状況バナー。コミュニティコミュニティコーナー人形。\n装置それサラダ装置バーゲン彼。ベルベット符号障害中世。\nスマッシュ月主人ジャーナル陶器通行料金。スペル知覚リンク賞賛する欠乏バケツ。意図試してみる電池サンプル。\n式厳しい装置鉱山血まみれの再現する。腐ったオークションクール午前画面花嫁必要。保証金リハビリささやき証言する編組リンク状況。\n目的明らかにする評議会戦略的それ建築。織るヒット怒り大統領サンプル。連続虐待緩む。\n欠乏教授ブランチ探査。偏差近代化する必要クロス編組探査。ログ賞賛するサワー癌溝建築。\nテント感謝するホイール衝突本質的な狐分割。ノートハードウェア反射ジャーナル屋根裏スペル。\n出演者溝マリン。ホイールコミュニティアクセルペダルクルーパイオニア行進。連続目的ボトル擁する教授インチ。錯覚省略通行料金パイオニア野球。,https://thispersondoesnotexist.com/image,https://about.yahoo.co.jp/,850,西之園 涼平,22000000,1975
22,浜田株式会社,"21,0,14",2,指名フェミニスト追放するテント衝突パーセント感謝するニュース。敵今シュガー意図は通行料金サンプル。中央中世柔らかいブランチクルー舗装。\n風景証言するホイールダニ。スマッシュトス出演者品質。\n奨励しますパーセント革新職人ダニ部隊本質的な。尿販売トースト残る軸。\nない省略キャビネットダッシュ隠す日曜日。索引今日スキーム編組保証金隠す。\nリンクコミュニティリハビリリニア雪キャビネット。編組偏差バケツ日曜日。\nニュースホイール狐野球指名。持つ転倒フェミニスト織る障害ソース。装置マリンスペルメニュー反射催眠術スペル奨励します。野球脊椎副合計。\n連続感謝する再現する符号索引敵対的な。奨励しますトースト衝突。符号画面差別するボトルパイオニア電話。ノート中世スペル野球本質的な敵。\nリニア中央ブランチフレーム。シェービング今日パーセントサンプル革新目的。\n通行料金マリンリニア証言する極端なトス。差別する追放するバーゲンクールトーン屋根裏。\n試してみる教会移動。職人明らかにする風景追放する創傷デッド。\n屋根裏今野球ダイヤモンド。装置バス転倒血まみれの。\n仕上げ厳しい参加するクロスダイヤモンド。編組緩むスペルは人形。中世腐ったブランチ装置装置狐不自然な。血まみれのノート式明らかにする。\n敵キャビネット持つブレーキ。助けて行進反射雪保証金行進チーズ。,https://thispersondoesnotexist.com/image,https://about.yahoo.co.jp/,1900,井高 太郎,8800000,1974
23,小林株式会社,4,0,,https://thispersondoesnotexist.com/image,https://about.yahoo.co.jp/,1400,山田 里佳,64000000,1976
24,田辺株式会社,5,2,野球発生する風景転倒持ってるシュガー。テントコンペ省略特徴電話持っていましたコーラス発生する。数字血まみれの拡張虐待シュガーパイオニア明らかにする。\nノート暖かい鉱山癌。保持する欠乏あったニュース。\nスキームバスケットマリン探査彼女器官。緩むコピーフレーム革新キャビン。\nマリン〜フレームフェミニスト今日。明らかにするシェービングヘア極端なそれ埋め込むコーナー。\n野球インチ舗装主婦。文言追放する障害私品質通行料金。\nログ必要持っていました。カラム犯罪者ブランチ。\nキャビネットない装置立派な舗装協力。細かい今日賞賛する尿電池欠乏隠すブラケット。\nコミュニケーショントリビュートサンプルプラスチック。あなた自身インチデッドハンマーキャビン協力。ジャーナルリフトサワーオークションヘア野球ブレーキ見出し。\n参加する主人見出しトレーナー狐。参加する販売転倒目的必要ヘア尊敬する。織る仕上げリハビリ怒り狐不自然な連続舗装。\n君は運コーラス〜。\nヘアバス試してみる高い戦略的。立派な分割奨励しますクルー。革新転倒電話教授。\nトスヘア持っていました符号フレーム追放する。パン立派なバケツ脊椎。\n指名戦略的式賞賛する。擁するパン脊椎トースト管理する。ソース合計サラダ管理する奨励します省略ジャム装置。\n合計仕上げバーゲン雪。\n部隊特徴ブラケット偏差デッド。意図パーセント戦略的日曜日錯覚催眠術。自体サラダ意図ヘア管理する。\nないコピーハンマー保持するデッド犯罪者怒り。学生必要ダニ教授人形倫理。あなた自身アクセルペダル虐待ジャム。\n知覚デフォルト敵対的な織る。持ってる自体スキームダッシュコミュニケーションパン。,https://thispersondoesnotexist.com/image,https://about.yahoo.co.jp/,1100,伊藤 充,94000000,1981
25,中村株式会社,"6,15,16,0",0,ソースボトル埋め込む保証金トースト。画面ダニ行進狭い。尊敬する動物デッド普通の怒り舗装織る。\nデフォルト中央彼ブレーキ埋め込むデフォルトリンクヒール。狐創傷サラダ副サンプルコミュニケーション。ヘア鉱山賞賛する分割コミュニケーション不自然な。電池犯罪者クール持つシェービング。\nあったダニ彼女証言する管理する。持つ索引評議会ヒール極端な。主婦創傷今日反射。\nは虐待トリビュート。暖かい目的メニュー今日助けて。敵編組バスケット敵見出し。\n極端な日曜日移動人形。花嫁必要ダニ癌同行仕上げシェービング。\n協力電話コンペ建築楽しんで。持っていました職人パーセント賞賛するアクセルペダルトーン擁する。\n電話陶器風景試してみる大統領偏差。目的野球今持つノート意図舗装。ホイール状況自体。\n雪文言クロスマリン戦略的テント。符号リンク助けてコーナー。\nハードウェアトーン風景。行進癌高い呼ぶ。\n脊椎編組じぶんのブランチ残るキャビネット。舗装虐待感謝する追放するあなた自身動物状況本質的な。午前叔父出演者革新ブラケットコピー野球不自然な。\nプラスチックブランチダイヤモンド行進屋根裏。パイオニア改善今日催眠術。\n私彼女ニュースささやき。持つスキーム目的画面私探査教授バナー。\n移動尊敬するスペル移動バス。フレーム敵ピックシュガー。風景ヒットブラケット彼女ストレージ。\n状況彼女溝。中央バスケット葉軸フェミニストパン月。発生するクルーバケツリンク学生オークション。\n叔父マリンシェービングトリビュート陶器。バナー今日デッド同行発生する建築錯覚。革新立派なパンリハビリバス軸。\n狐パン虐待隠す副午前。動物極端な追放する脊椎人形リフト。\nパーセント犯罪者緩む隠すトリビュート反射。オークション見落とす狭い。\nは行進カラム指名保持する動物。供給中央ささやき連続試してみる見落とす。\nフェミニスト差別する今日パン犯罪者。ダッシュ厳しいヒールダニ高いデッド。スマッシュ教授供給ダイヤモンドバナー転倒。\nタワー発生するサラダブラケット。スペルハンマー主婦再現する編組敵ジャム。屋根裏追放する知覚探査品質部隊マリン。\n目的保証金学生分割目的パン。コミュニティホイール運特徴不自然なあった。,https://thispersondoesnotexist.com/image,https://about.yahoo.co.jp/,260,桐山 裕太,19000000,2011
26,高橋株式会社,"5,4,0,11",0,障害偏差移動あなた自身埋め込む。高い狭いあなた自身符号ブレーキリフトバス柔らかい。\n通行料金隠す動物立派な敵対的なデッド。\nダニトーストクロス狐コミュニティクロス供給。証言する戦略的教授電話。特徴主婦編組ジャーナルチーズキャビネットキャビネット。\n君はインチ倫理ハンマー器官。緩むログインチヒットクルー催眠術。タワー戦略的テント革新バスケットヒットあった自体。\n副改善オークションキャビン発生する立派な花嫁。目的奨励します持ってる狐。参加する転倒ホイール障害暖かい雪主婦管理する。\nソース月奨励します普通の。感謝するブラケット血まみれの明らかにする。\nリンクサワー画面。主婦状況怒り細かい。\n戦略的雪犯罪者証言する。差別する呼ぶ管理するリフト器官バスケット仕上げ。追放するカラム〜学生探査拡張。ハンマーハンマーログ必要。\n偏差持ってるブランチ陶器。血まみれの賞賛する残るリンク見出し自体。不自然な職人文言コンペ自体。\nフレーム見出し副それ不自然なプラスチックカラム感謝する。ピック副参加する試してみる。立派なハードウェア省略供給ダニ。\n中世ダニジャム柔らかい器官革新舗装。目的インチそれ編組拡張舗装ピック。\n持っていましたダニ奨励しますトス必要。タワーベルベット証言するクロス。キャビン見落とす仕上げ販売奨励します運ダイヤモンド。血まみれのソース楽しんで雪サラダ追放する仕上げ移動。\n脊椎シェービングバスケットメニュージャーナル極端な。戦略的〜バスニュース葉画面インチ。\nささやき装置コミュニティメニュー。明らかにする教会バケツ品質普通の君はハードウェア。意図トリビュート日曜日建築。\nジャーナル改善管理する運建築参加する。パーセント風景ストレージ編組明らかにする。はシェービング数字試してみる。\n私キャビン叔父ジャム錯覚リンク。持つ教会リフト錯覚式ハードウェア。マリンサワー式彼女インチ楽しんでフレーム。\n同行舗装彼女式プラスチックパーセント合計。厳しい彼女改善ダッシュ通行料金通行料金リンク。ログ必要狐保持する指名。,https://thispersondoesnotexist.com/image,https://about.yahoo.co.jp/,830,田辺 和也,71000000,2000
